title,kind,release_date,source,source_url,summary,poster_url,updated_at
Princess Mononoke,movie,2026-09-26,The Numbers,https://www.the-numbers.com/movie/Princess-Mononoke-(1997-Japan),,,2026-09-26T17:45:36+00:00
Avengers: Endgame,movie,2026-09-25,The Numbers,https://www.the-numbers.com/movie/Avengers-Endgame-(2019),,,2026-09-26T17:45:36+00:00
Charlie Harper,movie,2026-09-25,The Numbers,https://www.the-numbers.com/movie/Charlie-Harper-(2026),,,2026-09-26T17:45:36+00:00
Forgotten Island,movie,2026-09-25,The Numbers,https://www.the-numbers.com/movie/Forgotten-Island-(2026),,,2026-09-26T17:45:36+00:00
Heart of the Beast,movie,2026-09-25,The Numbers,https://www.the-numbers.com/movie/Heart-of-the-Beast-(2026),,,2026-09-26T17:45:36+00:00
Primetime,movie,2026-09-25,The Numbers,https://www.the-numbers.com/movie/Primetime-(2026),,,2026-09-26T17:45:36+00:00
The Stunt Driver,movie,2026-09-25,The Numbers,https://www.the-numbers.com/movie/Stunt-Driver-The-(2026),,,2026-09-26T17:45:36+00:00
A Break in the Rain,movie,2026-09-25,The Numbers,https://www.the-numbers.com/movie/Break-in-the-Rain-A-(2026),,,2026-09-26T17:45:36+00:00
Deep In The Heart 2: A Texas Rivers Story,movie,2026-09-25,The Numbers,https://www.the-numbers.com/movie/Deep-In-The-Heart-2-A-Texas-Rivers-Story-(2026),,,2026-09-26T17:45:36+00:00
The Deputy,movie,2026-09-25,The Numbers,https://www.the-numbers.com/movie/Deputy-The-(2026),,,2026-09-26T17:45:36+00:00
Family,movie,2026-09-25,The Numbers,https://www.the-numbers.com/movie/Family-(2026),,,2026-09-26T17:45:36+00:00
"Ha-Chan, Shake Your Booty!",movie,2026-09-25,The Numbers,https://www.the-numbers.com/movie/Ha-Chan-Shake-Your-Booty-(2026),,,2026-09-26T17:45:36+00:00
Hellbilly Hollow,movie,2026-09-25,The Numbers,https://www.the-numbers.com/movie/Hellbilly-Hollow-(2026),,,2026-09-26T17:45:36+00:00
The Incomer,movie,2026-09-25,The Numbers,https://www.the-numbers.com/movie/Incomer-The-(2026-United-Kingdom),,,2026-09-26T17:45:36+00:00
Never After Dark,movie,2026-09-25,The Numbers,https://www.the-numbers.com/movie/Never-After-Dark-(2026-Japan),,,2026-09-26T17:45:36+00:00
The Scout,movie,2026-09-25,The Numbers,https://www.the-numbers.com/movie/Scout-The-(2026),,,2026-09-26T17:45:36+00:00
Tutt Paini English Ne,movie,2026-09-25,The Numbers,https://www.the-numbers.com/movie/Tutt-Paini-English-Ne-(2026-India),,,2026-09-26T17:45:36+00:00
"Your Mother, Your Mother, Your Mother",movie,2026-09-25,The Numbers,https://www.the-numbers.com/movie/Your-Mother-Your-Mother-Your-Mother-(2026),,,2026-09-26T17:45:36+00:00
Long Day’s Journey Into Night,movie,2026-09-25,The Numbers,https://www.the-numbers.com/movie/Long-Days-Journey-Into-Night-(2026),,,2026-09-26T17:45:36+00:00
The Paradise,movie,2026-09-24,The Numbers,https://www.the-numbers.com/movie/Paradise-The-(2026-India),,,2026-09-26T17:45:36+00:00
Untitled Blair Witch Movie,movie,2026-09-24,The Numbers,https://www.the-numbers.com/movie/Untitled-Blair-Witch-Movie-(2027),,,2026-09-26T17:45:36+00:00
Untitled Dreamworks Animation Event Film,movie,2026-09-24,The Numbers,https://www.the-numbers.com/movie/Untitled-Dreamworks-Animation-Event-Film-(2027-09-24),,,2026-09-26T17:45:36+00:00
Take Me Home,movie,2026-09-23,The Numbers,https://www.the-numbers.com/movie/Take-Me-Home-(2026),,,2026-09-26T17:45:36+00:00
Untitled DWA Animated Event Film,movie,2026-09-22,The Numbers,https://www.the-numbers.com/movie/Untitled-DWA-Animated-Event-Film-(2028-09-22),,,2026-09-26T17:45:36+00:00
The Transformers: The Movie,movie,2026-09-17,The Numbers,https://www.the-numbers.com/movie/Transformers-The-Movie-The-(1986),,,2026-09-17T19:03:55+00:00
Knife: The Attempted Murder of Salman Rushdie,movie,2026-09-17,The Numbers,https://www.the-numbers.com/movie/Knife-The-Attempted-Murder-of-Salman-Rushdie-(2026),,,2026-09-17T19:03:55+00:00
Untitled Disney Film,movie,2026-09-17,The Numbers,https://www.the-numbers.com/movie/Untitled-Disney-Film-(2027-09-17),,,2026-09-17T19:03:55+00:00
Untitled Sony Pictures Film,movie,2026-09-17,The Numbers,https://www.the-numbers.com/movie/Untitled-Sony-Pictures-Film-(2027-09-17),,,2026-09-17T19:03:55+00:00
Bellas Artes,movie,2026-09-15,The Numbers,https://www.the-numbers.com/movie/Juan-Gabriel-Mi-primer-Bellas-Artes-(2026-Mexico),,,2026-09-17T19:03:55+00:00
James McNeill Whistler,movie,2026-09-15,The Numbers,https://www.the-numbers.com/movie/James-McNeill-Whistler-(2026-United-Kingdom),,,2026-09-17T19:03:55+00:00
The Conjuring: First Communion,movie,2026-09-10,The Numbers,https://www.the-numbers.com/movie/Conjuring-The-First-Communion-(2027),,,2026-09-17T19:03:55+00:00
The Last Blossom,movie,2026-08-30,The Numbers,https://www.the-numbers.com/movie/Last-Blossom-The-(2025-Japan),,,2026-08-31T03:57:24+00:00
Lemonade Blessing,movie,2026-08-30,The Numbers,https://www.the-numbers.com/movie/Lemonade-Blessing-(2026),,,2026-08-31T03:57:24+00:00
Nika & Madison,movie,2026-08-30,The Numbers,https://www.the-numbers.com/movie/Nika-and-Madison-(2026-Canada),,,2026-08-31T03:57:24+00:00
Buddy,movie,2026-08-28,The Numbers,https://www.the-numbers.com/movie/Buddy-(2026),,,2026-08-31T03:57:24+00:00
Coyote vs. Acme,movie,2026-08-28,The Numbers,https://www.the-numbers.com/movie/Coyote-v-Acme-(2026),,,2026-08-31T03:57:24+00:00
The Dog Stars,movie,2026-08-28,The Numbers,https://www.the-numbers.com/movie/Dog-Stars-The-(2026),,,2026-08-31T03:57:24+00:00
Finding Emily,movie,2026-08-28,The Numbers,https://www.the-numbers.com/movie/Finding-Emily-(2026-United-Kingdom),,,2026-08-31T03:57:24+00:00
Idiots,movie,2026-08-28,The Numbers,https://www.the-numbers.com/movie/Idiots-(2026),,,2026-08-31T03:57:24+00:00
Legend of the White Dragon,movie,2026-08-28,The Numbers,https://www.the-numbers.com/movie/Legend-of-the-White-Dragon-(2026),,,2026-08-31T03:57:24+00:00
Ameer Log,movie,2026-08-28,The Numbers,https://www.the-numbers.com/movie/Ameer-Log-(2026-India),,,2026-08-31T03:57:24+00:00
Beyond Belief,movie,2026-08-28,The Numbers,https://www.the-numbers.com/movie/Beyond-Belief-(2026),,,2026-08-31T03:57:24+00:00
Boorman and the Devil,movie,2026-08-28,The Numbers,https://www.the-numbers.com/movie/Boorman-and-the-Devil-(2026),,,2026-08-31T03:57:24+00:00
Butthole Surfers: The Hole Truth and Nothing Butt,movie,2026-08-28,The Numbers,https://www.the-numbers.com/movie/Butthole-Surfers-The-Hole-Truth-and-Nothing-Butt-(2026),,,2026-08-31T03:57:24+00:00
Colony,movie,2026-08-28,The Numbers,https://www.the-numbers.com/movie/Colony-(2026-South-Korea),,,2026-08-31T03:57:24+00:00
The Cycle of Love,movie,2026-08-28,The Numbers,https://www.the-numbers.com/movie/Cycle-of-Love-The-(2026-United-Kingdom),,,2026-08-31T03:57:24+00:00
Filipiñana,movie,2026-08-28,The Numbers,https://www.the-numbers.com/movie/Filipinana-(2026-Philippines),,,2026-08-31T03:57:24+00:00
Gandahar,movie,2026-08-28,The Numbers,https://www.the-numbers.com/movie/Gandahar-(1987),,,2026-08-31T03:57:24+00:00
Hanging by a Wire,movie,2026-08-28,The Numbers,https://www.the-numbers.com/movie/Hanging-by-a-Wire-(2026),,,2026-08-31T03:57:24+00:00
Hi :),movie,2026-08-28,The Numbers,https://www.the-numbers.com/movie/Hi-(2026-India),,,2026-08-31T03:57:24+00:00
Just Play Dead,movie,2026-08-28,The Numbers,https://www.the-numbers.com/movie/Just-Play-Dead-(2026-United-Kingdom),,,2026-08-31T03:57:24+00:00
Madame in Saigon,movie,2026-08-28,The Numbers,https://www.the-numbers.com/movie/Madame-in-Saigon-(2026-Vietnam),,,2026-08-31T03:57:24+00:00
The Salt Path,movie,2026-08-28,The Numbers,https://www.the-numbers.com/movie/Salt-Path-The-(2025-United-Kingdom),,,2026-08-31T03:57:24+00:00
Spider Island,movie,2026-08-28,The Numbers,https://www.the-numbers.com/movie/Spider-Island-(2026-United-Kingdom),,,2026-08-31T03:57:24+00:00
The Sun Never Sets,movie,2026-08-28,The Numbers,https://www.the-numbers.com/movie/Sun-Never-Sets-The-(2026),,,2026-08-31T03:57:24+00:00
Terminator 2: Judgment Day,movie,2026-08-28,The Numbers,https://www.the-numbers.com/movie/Terminator-2-Judgment-Day-(1991),,,2026-08-31T03:57:24+00:00
Tom & Cherry,movie,2026-08-28,The Numbers,https://www.the-numbers.com/movie/Tom-and-Cherry-(2026-India),,,2026-08-31T03:57:24+00:00
Wildcards,movie,2026-08-27,The Numbers,https://www.the-numbers.com/movie/Wildcards-(2026),,,2026-08-31T03:57:24+00:00
Ghost: 2 Big to Rig,movie,2026-08-26,The Numbers,https://www.the-numbers.com/movie/Ghost-2-Big-to-Rig-(2026),,,2026-08-31T03:57:24+00:00
Crows are White,movie,2026-08-26,The Numbers,https://www.the-numbers.com/movie/Crows-are-White-(2026),,,2026-08-31T03:57:24+00:00
American Martyr: The Stanley Rother Story,movie,2026-08-25,The Numbers,https://www.the-numbers.com/movie/American-Martyr-The-Stanley-Rother-Story-(2026),,,2026-08-31T03:57:24+00:00
40 Years of F**kin Up,movie,2026-08-23,The Numbers,https://www.the-numbers.com/movie/40-Years-of-Fuckin-Up-(2026),,,2026-08-24T06:54:24+00:00
Castle in the Sky,movie,2026-08-22,The Numbers,https://www.the-numbers.com/movie/Castle-in-the-Sky-(1986-Japan),,,2026-08-24T06:54:24+00:00
The Fast and the Furious,movie,2026-08-21,The Numbers,https://www.the-numbers.com/movie/Fast-and-the-Furious-The-(2001),,,2026-08-24T06:54:24+00:00
Insidious: Out of the Further,movie,2026-08-21,The Numbers,https://www.the-numbers.com/movie/Insidious-Out-of-the-Further-(2026),,,2026-08-24T06:54:24+00:00
The Magic Faraway Tree,movie,2026-08-21,The Numbers,https://www.the-numbers.com/movie/Magic-Faraway-Tree-The-(2025-United-Kingdom),,,2026-08-24T06:54:24+00:00
Mutiny,movie,2026-08-21,The Numbers,https://www.the-numbers.com/movie/Mutiny-(2026-United-Kingdom),,,2026-08-24T06:54:24+00:00
Spa Weekend,movie,2026-08-21,The Numbers,https://www.the-numbers.com/movie/Spa-Weekend-(2026),,,2026-08-24T06:54:24+00:00
Tony,movie,2026-08-21,The Numbers,https://www.the-numbers.com/movie/Tony-(2026),,,2026-08-24T06:54:24+00:00
All That We Never Were,movie,2026-08-21,The Numbers,https://www.the-numbers.com/movie/Todo-Lo-Que-Nunca-Fuimos-(2026-Spain),,,2026-08-24T06:54:24+00:00
Blood Shine,movie,2026-08-21,The Numbers,https://www.the-numbers.com/movie/Blood-Shine-(2026),,,2026-08-24T06:54:24+00:00
Bury the Devil,movie,2026-08-21,The Numbers,https://www.the-numbers.com/movie/Bury-the-Devil-(2026),,,2026-08-24T06:54:24+00:00
Hot Spot,movie,2026-08-21,The Numbers,https://www.the-numbers.com/movie/Hot-Spot-(2026-Poland),,,2026-08-24T06:54:24+00:00
How to Divorce During the War,movie,2026-08-21,The Numbers,https://www.the-numbers.com/movie/How-to-Divorce-During-the-War-(2026-Lithuania),,,2026-08-24T06:54:24+00:00
Irumudi,movie,2026-08-21,The Numbers,https://www.the-numbers.com/movie/Irumudi-(2026-India),,,2026-08-24T06:54:24+00:00
It Ends,movie,2026-08-21,The Numbers,https://www.the-numbers.com/movie/It-Ends-(2026),,,2026-08-24T06:54:24+00:00
Learning to Fly,movie,2026-08-21,The Numbers,https://www.the-numbers.com/movie/Learning-to-Fly-(2026),,,2026-08-24T06:54:24+00:00
The Marching Band,movie,2026-08-21,The Numbers,https://www.the-numbers.com/movie/Fanfare-En-(2024-France),,,2026-08-24T06:54:24+00:00
Never Stop Chasing,movie,2026-08-21,The Numbers,https://www.the-numbers.com/movie/Never-Stop-Chasing-(2026),,,2026-08-24T06:54:24+00:00
Nine Black Cats,movie,2026-08-21,The Numbers,https://www.the-numbers.com/movie/Nine-Black-Cats-(2026),,,2026-08-24T06:54:24+00:00
Paper Flowers,movie,2026-08-21,The Numbers,https://www.the-numbers.com/movie/Paper-Flowers-(2026),,,2026-08-24T06:54:24+00:00
The Snare,movie,2026-08-21,The Numbers,https://www.the-numbers.com/movie/Snare-The-(2026),,,2026-08-24T06:54:24+00:00
Terrestrial,movie,2026-08-21,The Numbers,https://www.the-numbers.com/movie/Terrestrial-(2026-Dir-Alex-Farnham),,,2026-08-24T06:54:24+00:00
To Use a Mountain,movie,2026-08-21,The Numbers,https://www.the-numbers.com/movie/To-Use-a-Mountain-(2026),,,2026-08-24T06:54:24+00:00
Get Lite,movie,2026-08-20,The Numbers,https://www.the-numbers.com/movie/Get-Lite-(2027),,,2026-08-27T07:21:54+00:00
The Texas Chainsaw Massacre,movie,2026-08-18,The Numbers,https://www.the-numbers.com/movie/Texas-Chainsaw-Massacre-The-(1974),,,2026-08-24T06:54:24+00:00
Your Letter,movie,2026-08-17,The Numbers,https://www.the-numbers.com/movie/Your-Letter-(2025-South-Korea),,,2026-08-24T06:54:24+00:00
La La Land,movie,2026-08-16,The Numbers,https://www.the-numbers.com/movie/La-La-Land-(2016),,,2026-08-17T06:51:28+00:00
Point Break,movie,2026-08-16,The Numbers,https://www.the-numbers.com/movie/Point-Break,,,2026-08-17T06:51:28+00:00
Battle Of Galwan,movie,2026-08-15,The Numbers,https://www.the-numbers.com/movie/Maatrubhumi-(2026-India),,,2026-08-17T06:51:28+00:00
UFC 330: Makhachev vs Garry,movie,2026-08-15,The Numbers,https://www.the-numbers.com/movie/UFC-330-Makhachev-v-Garry-(2026),,,2026-08-17T06:51:28+00:00
The Brink of War,movie,2026-08-14,The Numbers,https://www.the-numbers.com/movie/Brink-of-War-The-(2026),,,2026-08-17T06:51:28+00:00
The End of Oak Street,movie,2026-08-14,The Numbers,https://www.the-numbers.com/movie/End-of-Oak-Street-The-(2026),,,2026-08-17T06:51:28+00:00
Nimrods,movie,2026-08-14,The Numbers,https://www.the-numbers.com/movie/Nimrods-(2026),,,2026-08-17T06:51:28+00:00
PAW Patrol: The Dino Movie,movie,2026-08-14,The Numbers,https://www.the-numbers.com/movie/Paw-Patrol-The-Dino-Movie-(2026),,,2026-08-17T06:51:28+00:00
The Rivals of Amziah King,movie,2026-08-14,The Numbers,https://www.the-numbers.com/movie/Rivals-of-Amziah-King-The-(2026),,,2026-08-17T06:51:28+00:00
Six: The Musical Live!,movie,2026-08-14,The Numbers,https://www.the-numbers.com/movie/Six-The-Musical-Live-(2025-United-Kingdom),,,2026-08-17T06:51:28+00:00
Wet Hot American Summer,movie,2026-08-14,The Numbers,https://www.the-numbers.com/movie/Wet-Hot-American-Summer-(2001),,,2026-08-17T06:51:28+00:00
Your Name,movie,2026-08-14,The Numbers,https://www.the-numbers.com/movie/Your-Name-(2016-Japan),,,2026-08-17T06:51:28+00:00
All Night Wrong,movie,2026-08-14,The Numbers,https://www.the-numbers.com/movie/All-Night-Wrong-(2026-Canada),,,2026-08-17T06:51:28+00:00
American Doctor,movie,2026-08-14,The Numbers,https://www.the-numbers.com/movie/American-Doctor-(2026),,,2026-08-17T06:51:28+00:00
Billy Liar,movie,2026-08-14,The Numbers,https://www.the-numbers.com/movie/Billy-Liar-(1963-United-Kingdom),,,2026-08-17T06:51:28+00:00
The Birthday Party,movie,2026-08-14,The Numbers,https://www.the-numbers.com/movie/Birthday-Party-The-(2025-Greece),,,2026-08-17T06:51:28+00:00
Elijah Peel,movie,2026-08-14,The Numbers,https://www.the-numbers.com/movie/Elijah-Peel-(2026),,,2026-08-17T06:51:28+00:00
Gypsy 83,movie,2026-08-14,The Numbers,https://www.the-numbers.com/movie/Gypsy-83-(2004),,,2026-08-17T06:51:28+00:00
Mysterious Skin,movie,2026-08-14,The Numbers,https://www.the-numbers.com/movie/Mysterious-Skin-(2005),,,2026-08-17T06:51:28+00:00
Train to Busan,movie,2026-08-14,The Numbers,https://www.the-numbers.com/movie/Train-to-Busan-(2016-South-Korea),,,2026-08-17T06:51:28+00:00
Union County,movie,2026-08-14,The Numbers,https://www.the-numbers.com/movie/Union-County-(2026),,,2026-08-17T06:51:28+00:00
The Wrong Girls,movie,2026-08-14,The Numbers,https://www.the-numbers.com/movie/Wrong-Girls-The-(2026),,,2026-08-17T06:51:28+00:00
Vishwanath & Sons,movie,2026-08-14,The Numbers,https://www.the-numbers.com/movie/Vishwanath-and-Sons-(2026-India),,,2026-08-17T06:51:28+00:00
Fauzi,movie,2026-08-13,The Numbers,https://www.the-numbers.com/movie/Fauzi-(2026-India),,,2026-08-13T13:05:23+00:00
2026 Cortis Tour <Put Your Phone Down> in L.A.: Live Viewing from Los Angeles,movie,2026-08-13,The Numbers,https://www.the-numbers.com/movie/2026-Cortis-Tour-Put-Your-Phone-Down-in-LA-Live-Viewing-from-Los-Angeles-(2026),,,2026-08-17T06:51:28+00:00
Shiver,movie,2026-08-13,The Numbers,https://www.the-numbers.com/movie/Shiver-(2027),,,2026-08-20T18:36:20+00:00
Teenage Mutant Ninja Turtles 2,movie,2026-08-13,The Numbers,https://www.the-numbers.com/movie/Teenage-Mutant-Ninja-Turtles-Mutant-Mayhem-2-(2027),,,2026-08-20T18:36:20+00:00
Untitled Blumhouse Event Film,movie,2026-08-13,The Numbers,https://www.the-numbers.com/movie/Untitled-Blumhouse-Event-Film-(2027-08-13),,,2026-08-20T18:36:20+00:00
Untitled Cineverse Horror Franchise Event Film,movie,2026-08-13,The Numbers,https://www.the-numbers.com/movie/Untitled-Cineverse-Horror-Franchise-Event-Film-(2027-08-13),,,2026-08-20T18:36:20+00:00
Sana y Salva,movie,2026-08-13,The Numbers,https://www.the-numbers.com/movie/Sana-y-Salva-(2026-Puerto-Rico),,,2026-08-17T06:51:28+00:00
Katseye: Wild Hearts,movie,2026-08-12,The Numbers,https://www.the-numbers.com/movie/Katseye-Wild-Hearts-(2026),,,2026-08-17T06:51:28+00:00
